Theme,Count
Healthcare and Medicine,150
Legal and Crime Stories,145
International Relations and Trade,144
Corporate and Business Topics,124
Community and Cultural Events,108
Technology and Digital Trends,97
"Sports, Entertainment, and Leisure",85
Government Actions and Regulations,74
Political Topics and Protests,50
Social Issues and Activism,50
"Science, Research, and Innovation",49
Education and Learning,43
Financial Policies and Taxation,33
Environment and Climate Topics,31
Military,31
Consumer Topics,30
Other,29
"Privacy, Security, and Cyber Matters",27
Labor and Employment Issues,26
Media and Communication,24
Human Rights and Social Justice,16
Disaster and Crisis Management,16
Infrastructure and Development,15
Energy and Resources,13
"International Relations and Trade, military",11
international relations and trade,9
other,7
Organized Crime and Trafficking,7
"Legal and Crime Stories, military",6
political topics and protests,5
military,4
"Government Actions and Regulations, international relations and trade",3
"technology and digital trends, corporate and business topics",3
technology and digital trends,2
"Government Actions and Regulations, Legal and Crime Stories",2
"Corporate and Business Topics, international relations and trade",2
"Government Actions and Regulations, media and communication",1
"Corporate and business topics, political topics and protests",1
"social issues and activism, media and communication",1
"Sports, Entertainment, and Leisure, social issues and activism",1
International relations and trade,1
"international relations and trade, military",1
"corporate and business topics, international relations and trade",1
"international relations and trade, government actions and regulations",1
"Government Actions and Regulations, international relations and trade, infrastructure and development",1
"International Relations and Trade, environment and climate topics",1
"corporate and business topics, technology and digital trends",1
"technology and digital trends, consumer topics",1
Social Issues and Activism and Media and Communication,1
Uncategorized,1
media and communication,1
"Government Actions and Regulations, International Relations and Trade",1
"Government Actions and Regulations, environment and climate topics",1
"media and communication, consumer topics",1
"Government Actions and Regulations, Social Issues and Activism",1
"Political Topics and Protests, military",1
"Social Issues and Activism, military",1
"Political Topics and Protests, Social Issues and Activism",1
"Energy and Resources, Legal and Crime Stories",1
"Financial Policies and Taxation, Legal and Crime Stories",1
"Social Issues and Activism, Political Topics and Protests",1
"Privacy, Security, and Cyber Matters, military",1
"Social Issues and Activism, Legal and Crime Stories military",1
"Environment and Climate Topics, Energy and Resources",1
"Financial Policies and Taxation, Corporate and Business Topics",1
"Corporate and Business Topics, Government Actions and Regulations",1
"Social Issues and Activism, Technology and Digital Trends",1
healthcare and medicine,1
"Sports, Entertainement, and Leisure",1
"Social Issues and Activism, Human Rights and Social Justice",1
"sports, entertainment and leisure",1
"Legal and Crime Stories, Military",1
community and cultural events,1
environment and climate topics,1
